Title,Price,Link
Oppo A6s,80999.0,https://priceoye.pk/mobiles/oppo/oppo-a6s
Oppo A5i,34999.0,https://priceoye.pk/mobiles/oppo/oppo-a5i
OPPO Reno 15,154999.0,https://priceoye.pk/mobiles/oppo/oppo-reno15
Oppo A6,63999.0,https://priceoye.pk/mobiles/oppo/oppo-a6
Oppo Reno 13 Pro,143999.0,https://priceoye.pk/mobiles/oppo/oppo-reno-13-pro
Oppo A6C,38799.0,https://priceoye.pk/mobiles/oppo/oppo-a6c
Oppo Reno 15F,114999.0,https://priceoye.pk/mobiles/oppo/oppo-reno-15f
Oppo A6K,49999.0,https://priceoye.pk/mobiles/oppo/oppo-a6k
Oppo A6X,40999.0,https://priceoye.pk/mobiles/oppo/oppo-a6x
Oppo Reno 12 5G,147999.0,https://priceoye.pk/mobiles/oppo/oppo-reno-12
Oppo Reno 15 Pro,226999.0,https://priceoye.pk/mobiles/oppo/oppo-reno-15-pro
Oppo A6s Pro,90499.0,https://priceoye.pk/mobiles/oppo/oppo-a6s-pro
Oppo Enco Air 2I Wireless TWS Earbuds,5049.0,https://priceoye.pk/wireless-earbuds/oppo/oppo-enco-air-2i-wireless-tws-earbuds
Oppo Reno 12F 5G (SA),69499.0,https://priceoye.pk/mobiles/oppo/oppo-reno-12f-5g-sa
Oral-B Dental Center OC501.535.2 Oxyjet Pro 2000 Electric Toothbrush,50299.0,https://priceoye.pk/tooth-brushes/oral-b/oral-b-dental-center-oc501-535-2-oxyjet-pro-2000-electric-toothbrush
Omxmo OX-PD10 10000mAh Powerbank,2579.0,https://priceoye.pk/power-banks/assorted/omxmo-ox-pd10-10000mah-powerbank
Olive OX-88 Wall Charger,949.0,https://priceoye.pk/mobile-chargers/olive/olive-ox-88-wall-charger
Olive O-7050 Wireless Earbuds,3449.0,https://priceoye.pk/wireless-earbuds/olive/olive-o-7050-wireless-earbuds
Olive O-4040 Bluetooth Soeaker,2899.0,https://priceoye.pk/bluetooth-speakers/olive/olive-o-4040-bluetooth-soeaker
Omxmo OX-PD14 10000mAh Powerbank,2699.0,https://priceoye.pk/power-banks/assorted/omxmo-ox-pd14-10000mah-powerbank
Omxmo OX-PD13 50000mAh Powerbank,6299.0,https://priceoye.pk/power-banks/assorted/omxmo-ox-pd13-50000mah-powerbank
Olive O-2150 Wireless Earbuds,2899.0,https://priceoye.pk/wireless-earbuds/olive/olive-o-2150-wireless-earbuds
Sego Orbit O1,23449.0,https://priceoye.pk/mobiles/sego/sego-orbit-o1
OMXMO Model OX-PB-51 10000 mAh PowerBank,1949.0,https://priceoye.pk/power-banks/assorted/omxmo-model-ox-pb-51-10000-mah-powerbank
